tiempo_s,temperatura_c,punto_medio_c,calefactor,ventilador_pct,estado
0,12,22,1,0,CALENTAR
5,14,22,1,0,CALENTAR
10,16,22,1,0,CALENTAR
15,18,22,0,0,ESTABLE
20,21,22,0,0,ESTABLE
25,24,22,0,0,ESTABLE
30,27,22,0,0,ESTABLE
35,30,22,0,35,VENT_BAJO
40,35,22,0,35,VENT_BAJO
45,39,22,0,35,VENT_BAJO
50,42,22,0,65,VENT_MEDIO
55,47,22,0,65,VENT_MEDIO
60,50,22,0,65,VENT_MEDIO
65,54,22,0,100,VENT_ALTO
70,58,22,0,100,VENT_ALTO
75,52,22,0,100,VENT_ALTO
80,48,22,0,65,VENT_MEDIO
85,38,22,0,35,VENT_BAJO
90,28,22,0,0,ESTABLE
95,23,22,0,0,ESTABLE
